dN_c4sQwfTI	many-reps-muscle-growth-40-studies.md	20
sm9P5kYUGtM	science-behind-creatine-much-more-muscle-strength.md	20
IoaYrIZM0BM	maximize-muscle-growth-new-study-exercise-choice.md	19
0MenoivXo_U	adding-more-load-repetitions-better-hypertrophy-strength.md	18
fyPZ9rGVBWc	build-triceps-faster-science-simplified.md	16
z5O01gmNW3s	most-important-muscle-building-studies-2024.md	13
C1YUvQaIErM	benefits-combining-rep-ranges.md	12
Efj3kfWCHNw	science-drop-sets-vs-normal-sets-hypertrophy.md	12
GpSR3oicV_I	3-5-reps-truly-maximize-growth.md	12
Kl-u0WmGTD8	german-volume-training-actually-build-muscle-fast.md	12
NieCscho0UM	incline-vs-preacher-curls-biceps-growth.md	12
PchAiNNkSh4	pump-best-indicator-hypertrophy-true-false.md	12
Sj6exknHlss	lifting-weights-not-increase-testosterone.md	12
V40pAXOyuGc	alternating-rep-ranges-improves-muscle-growth-18.md	12
bjSWKtKlEh4	combine-cardio-weights-should.md	12
vS4dvekx_4Q	gain-strength-muscle-underrated.md	12
vZT0uiHp6kE	many-sets-per-workout-new-study-epic.md	12
z3rdHppk4L8	bigger-forearms-ranking-best-exercises-using-science.md	12
4VIWBKnFWI0	heavy-light-weights-produce-different-regional-muscle.md	11
5KJtIDUZpGI	half-bench-press-reps-more-strength-size.md	11
6T4oV4foEKM	huge-muscle-building-myth-22-studies.md	11
6yyOi1EPYAk	5-reps-maximize-hypertrophy.md	11
MuUvOhaUkbI	they-said-worst-way-build-muscle.md	11
NGiq7cpCiAE	increase-performance-while-saving-time-11-studies.md	11
OpsAr_1R1qk	many-sets-per-muscle-examine-science.md	11
PtFbsZ3pfXY	3-7-method-build-more-muscle.md	11
Qo75iFXFPuQ	minimize-max-muscle-strength.md	11
Qtm1yCpjiPM	isolation-exercises-useless-muscle-hypertrophy-19-studies.md	11
WBo7MzU6U-w	rows-lat-pulldowns-enough-biceps-growth.md	11
X82vvocqe-8	best-training-frequency.md	11
2sys7keMuy4	best-rep-speed-size.md	10
5GpunWbrzMk	decrease-rest-between-sets-overtime-more-hypertrophy.md	10
7clCogscqaM	reps-below-5-maximize-muscle-growth.md	10
KuUjEC9G5FY	most-unappreciated-muscle-building-principle.md	10
L1vVOFtDUWQ	partial-squats-superior-deep-squats-size-strength.md	10
QhQs4o0v1UU	volume-load-not-drive-muscle-hypertrophy.md	10
i2vPxQsHKXU	effective-flat-bench-press-upper-middle-lower.md	10
iUf1GZl6KqY	lifting-replace-cardio-true-false.md	10
n5F5W001OrY	most-effective-biceps-exercise-not-think.md	10
XpVLlaA31NI	cardio-increase-muscle-growth-here.md	9
YAofBYpNHiY	bodyweight-training-bad-muscle-growth-true-false.md	9
YwCf_wnL7e0	protein-before-bed-really-work.md	9
aqzJPzr5fYE	blow-upper-chest-exercises.md	9
chZrqTab9hY	morning-vs-evening-training-muscle-hypertrophy.md	9
JouADY-m9Ko	free-weights-vs-machines-muscle-hypertrophy.md	8
US_xgPuxvDk	ryan-humiston-has-made-mistake-emg.md	8
zQFUc-aQL8k	mind-muscle-connection-help-build-more-muscle.md	7
2VgI8wClZjE	stretching-between-sets-help-build-more-muscle.md	6
bAwIy03_tSg	optimal-rep-range-each-muscle-true.md	6
jQ-JcDrztj8	maxing-out-effective-building-muscle-one-rep.md	6
